Keyword,Frequency
film,204
family,175
life,160
woman,145
girl,141
friend,141
father,139
brother,138
love,135
mother,128
kill,126
world,119
police,116
school,115
story,113
wife,105
town,105
child,104
people,101
house,99
daughter,96
sister,92
fight,92
village,88
day,87
city,86
murder,81
student,81
dream,81
team,81
husband,81
movie,81
try,80
home,78
death,77
war,77
night,76
killer,74
drug,73
game,72
gang,72
art,71
live,70
american,67
name,67
secret,67
boy,67
dr,65
marry,65
leave,65
documentary,64
company,62
begin,62
john,60
relationship,59
party,59
time,58
help,57
parent,57
money,56
meet,56
local,56
series,56
power,56
play,56
return,55
tell,55
past,54
marriage,54
community,53
business,53
start,53
crime,53
artist,52
search,51
history,51
character,51
job,51
car,51
journey,51
call,50
evil,50
own,50
plan,50
country,50
agent,49
street,48
blood,47
dead,47
island,47
government,46
decide,46
ghost,46
officer,46
kid,46
jack,45
doctor,45
guy,44
inspector,44
human,44
fall,44
learn,44
save,44
run,43
criminal,43
soldier,43
york,43
video,43
detective,43
society,42
change,42
hospital,42
body,42
look,42
die,42
force,42
qv,41
michael,41
prison,41
music,41
follow,41
zombie,41
david,41
former,40
black,40
hand,40
mountain,40
vampire,40
gangster,40
player,40
couple,40
terrorist,39
little,39
move,39
steal,39
demon,39
lead,39
stay,39
revenge,39
dark,39
master,39
director,39
college,38
land,38
event,38
win,38
farm,38
bring,38
real,38
army,38
discover,38
hotel,38
episode,38
peter,38
india,37
band,37
bad,37
president,37
experience,37
believe,37
lose,37
race,37
hollywood,37
star,37
actor,37
train,37
curse,37
leader,36
control,36
horror,36
singh,36
sam,36
tv,36
cop,36
feature,36
japanese,36
teacher,36
mission,36
ex,35
food,35
alex,35
miss,35
send,35
japan,35
re,35
uncle,35
culture,35
trouble,35
ll,34
anna,34
seven,34
cousin,34
six,34
driver,34
professor,34
struggle,34
disease,34
club,34
crash,34
patient,34
experiment,34
photographer,34
trip,34
age,34
military,34
priest,34
crew,34
witch,34
boyfriend,34
hero,34
martial,34
rise,34
university,33
south,33
special,33
set,33
sex,33
period,33
five,33
fighter,33
birthday,33
memory,33
german,33
reality,33
weapon,33
king,33
survivor,33
travel,33
robert,33
don,33
accident,33
paul,33
divorce,33
wrong,32
wedding,32
week,32
spirit,32
truth,32
resident,32
book,32
baby,32
white,32
solve,32
worker,32
law,32
planet,32
church,32
mike,32
stand,32
apartment,32
devil,32
jail,32
bar,32
super,32
choice,32
supernatural,32
stop,32
break,32
chris,31
action,31
angel,31
pregnant,31
project,31
neighborhood,31
god,31
tragedy,31
dangerous,31
strange,31
doesn,31
question,31
kidnap,31
match,31
news,31
soon,31
bank,31
comedy,31
gay,31
affair,31
personal,31
normal,31
month,31
terrible,31
happen,31
joe,31
creature,31
football,31
catch,31
mexican,31
fan,30
minister,30
deadly,30
soul,30
attack,30
writer,30
factory,30
serial,30
camera,30
fly,30
chinese,30
darkness,30
nation,30
justice,30
investigation,30
career,30
investigate,30
wood,30
role,30
interview,30
happiness,30
economic,30
cancer,30
musician,30
russian,29
summer,29
nick,29
suddenly,29
castle,29
jimmy,29
ancient,29
mob,29
convince,29
rid,29
ii,29
twin,29
violence,29
partner,29
technology,29
london,29
christmas,29
camp,29
park,29
stranger,29
forest,29
future,29
sentence,29
environment,29
youth,29
tom,29
earth,29
escape,29
fire,29
dad,29
legend,29
century,29
door,29
happy,29
space,29
male,29
dealer,29
medical,29
frank,29
mary,29
destroy,29
dog,28
production,28
destiny,28
cast,28
write,28
mexico,28
realize,28
lord,28
agency,28
california,28
answer,28
daniel,28
th,28
top,28
africa,28
comic,28
holiday,28
hunt,28
actress,28
journalist,28
water,28
grandmother,28
reporter,28
idea,28
famous,28
revolve,28
trust,28
captain,28
rock,28
trail,28
hour,28
female,28
connect,28
bos,28
dance,28
mental,28
james,28
conversation,28
suffer,28
animal,28
childhood,28
sort,28
ready,28
person,28
enemy,28
figure,28
st,28
border,28
america,28
client,28
floor,27
steve,27
remote,27
bomb,27
owner,27
protect,27
hometown,27
teenager,27
river,27
free,27
mile,27
crisis,27
conflict,27
engineer,27
china,27
alive,27
girlfriend,27
countryside,27
involve,27
themselves,27
hall,27
pain,27
count,27
villain,27
prisoner,27
adopt,27
phone,27
haunt,27
feel,27
awaken,27
treasure,27
organization,27
teen,27
arrest,27
charlie,27
peace,27
african,27
picture,27
pass,27
estate,27
studio,27
link,27
competition,27
letter,27
practice,27
commit,27
manager,27
sarah,27
jewish,27
wish,27
san,27
mom,27
storm,27
battle,27
target,27
truck,27
true,27
mean,27
visit,27
draw,27
kong,27
romance,27
identity,27
act,27
farmer,27
system,27
assassin,27
illegal,27
release,26
late,26
plant,26
coast,26
assistant,26
torture,26
spend,26
shop,26
center,26
suicide,26
ben,26
research,26
christian,26
main,26
include,26
johnny,26
explore,26
indian,26
base,26
mafia,26
roommate,26
strength,26
scientist,26
building,26
bear,26
position,26
capture,26
paris,26
store,26
hunter,26
maria,26
rob,26
road,26
didn,26
step,26
colleague,26
restaurant,26
reach,26
brian,26
pilot,26
class,26
web,26
modern,26
offer,26
victim,26
hit,26
angeles,26
operation,26
able,26
murderer,26
ordinary,26
obsession,26
uncover,26
nuclear,26
mysterious,26
nurse,26
adam,26
warrior,26
adventure,26
nightmare,26
accuse,26
western,26
tournament,25
prostitute,25
beat,25
official,25
rule,25
rebel,25
grow,25
george,25
canada,25
accept,25
protagonist,25
wonder,25
hilarious,25
cult,25
station,25
guest,25
mansion,25
examine,25
thief,25
exactly,25
red,25
paper,25
industry,25
hire,25
talk,25
process,25
easy,25
il,25
wild,25
celebrate,25
decision,25
program,25
survive,25
monster,25
rich,25
loss,25
passion,25
model,25
morning,25
weekend,25
paranormal,25
ten,25
million,25
employee,25
care,25
clue,25
french,25
producer,25
fear,25
finish,25
handle,25
friendship,25
senior,25
max,25
deal,25
hong,25
mystery,25
abduct,25
enter,25
fbi,25
double,25
cinema,25
perspective,25
arrive,25
sometimes,25
mayor,25
psychological,25
quest,25
brutally,25
hostage,25
piece,25
thriller,25
movement,25
ship,25
epic,25
intelligence,25
internet,25
sinister,25
everyday,25
tour,25
spy,25
hell,24
board,24
single,24
daily,24
path,24
corporation,24
eat,24
richard,24
particular,24
social,24
slowly,24
kim,24
native,24
flesh,24
effect,24
support,24
shape,24
respect,24
alien,24
fiance,24
luck,24
martin,24
suspect,24
addict,24
image,24
forget,24
rival,24
novel,24
gun,24
bed,24
stone,24
security,24
common,24
jim,24
north,24
wait,24
air,24
dancer,24
season,24
except,24
heart,24
spiritual,24
screen,24
completely,24
guide,24
brutal,24
beautiful,24
danny,24
soviet,24
grant,24
di,24
urban,24
song,24
computer,24
oil,24
jake,24
presence,24
sell,24
unusual,24
beach,24
executive,24
insane,24
magic,24
mark,24
sacrifice,24
wake,24
ring,24
pack,24
taxi,24
choose,24
property,24
attention,24
fashion,24
ray,24
feeling,24
theater,24
hot,24
track,24
lot,24
reason,24
australian,24
humanity,24
debt,24
gain,24
mistake,24
pair,24
chance,24
host,24
goon,24
facility,24
create,24
desperately,24
neighbor,24
lisa,24
champion,24
charles,24
circumstance,24
faith,23
district,23
betrayal,23
campaign,23
trade,23
overcome,23
lake,23
rush,23
funeral,23
serious,23
honest,23
strike,23
fulfill,23
list,23
current,23
italian,23
individual,23
construction,23
italy,23
capable,23
half,23
machine,23
bob,23
trap,23
perfect,23
portrait,23
courage,23
thomas,23
rare,23
filmmaker,23
destruction,23
arm,23
stake,23
complicate,23
voice,23
legacy,23
deep,23
encounter,23
unleash,23
attempt,23
ravi,23
inner,23
danger,23
walk,23
wall,23
befriend,23
major,23
attractive,23
fame,23
energy,23
beauty,23
performance,23
chicago,23
succeed,23
head,23
mind,23
vacation,23
institution,23
graduate,23
bloody,23
vengeance,23
disappear,23
whom,23
disappearance,23
private,23
desert,23
condition,23
flat,23
torn,23
birth,23
ed,23
torment,23
purpose,23
date,23
troubled,23
rescue,23
gold,23
bond,23
corruption,23
imagination,23
willing,23
championship,23
simple,23
illness,23
twenty,23
clash,23
east,23
rent,23
boat,23
decides,23
sleep,23
prove,23
refuse,23
charge,23
isn,23
aspect,23
avenge,23
duty,23
box,23
classmate,23
jump,23
elder,23
online,23
crush,23
light,22
bill,22
worry,22
shadow,22
political,22
design,22
budget,22
public,22
ve,22
settle,22
health,22
defend,22
sing,22
discovery,22
sport,22
bite,22
especially,22
flee,22
jackson,22
court,22
bright,22
claim,22
shift,22
fat,22
lifetime,22
shock,22
funny,22
investigator,22
blame,22
sheriff,22
villager,22
clan,22
obstacle,22
speak,22
assign,22
desire,22
title,22
radio,22
living,22
line,22
victor,22
fresh,22
defeat,22
intend,22
tale,22
science,22
undercover,22
singer,22
colorful,22
message,22
prevent,22
treatment,22
combat,22
lady,22
depth,22
rap,22
television,22
robbery,22
nightclub,22
joy,22
mine,22
indigenous,22
underworld,22
watch,22
foreign,22
lust,22
teenage,22
check,22
trio,22
challenge,22
apart,22
eye,22
religious,22
religion,22
corner,22
forward,22
responsibility,22
expose,22
sun,22
prince,22
prime,22
avoid,22
festival,22
moon,22
collapse,22
price,22
technique,22
canadian,22
fiction,22
preserve,22
australia,22
staff,22
bury,22
abuse,22
decade,22
lee,22
generation,22
safe,22
receive,22
ryan,22
join,22
witness,22
universe,22
elite,22
angry,22
due,21
kevin,21
whatever,21
promise,21
hang,21
lucky,21
lack,21
cat,21
worth,21
legendary,21
bus,21
word,21
alcohol,21
bridge,21
possess,21
dollar,21
poet,21
gradually,21
kung,21
poverty,21
post,21
remember,21
central,21
remarkable,21
earlier,21
knowledge,21
scientific,21
enjoy,21
celebrity,21
focus,21
sibling,21
burn,21
document,21
confront,21
natural,21
jason,21
kate,21
population,21
grandfather,21
romantic,21
lonely,21
politician,21
quick,21
card,21
laugh,21
israeli,21
issue,21
notice,21
vijay,21
judge,21
britain,21
viewer,21
pop,21
combine,21
safety,21
charm,21
clean,21
lesbian,21
companion,21
communist,21
eight,21
citizen,21
dvd,21
rachel,21
regard,21
risk,21
virus,21
prey,21
nazi,21
mysteriously,21
guard,21
embark,21
discovers,21
shelter,21
contemporary,21
attract,21
appear,21
hear,21
stage,21
maybe,21
